{
    "loss": 0.6587300300598145,
    "accuracy": 0.7565789222717285,
    "precision": 0.7754425616373919,
    "recall": 0.756578947368421,
    "f1_score": 0.7523386918330767
}