{
    "loss": 0.29636088013648987,
    "accuracy": 0.8898957967758179
}