{
    "loss": 0.32149508595466614,
    "accuracy": 0.8735840320587158
}