{
    "loss": 0.11026673763990402,
    "accuracy": 0.957783043384552,
    "precision": 0.9586919087811476,
    "recall": 0.957783069928556,
    "f1_score": 0.9577602296503055
}